id,type_id,info,description,fp_cost,fp_cost_continuous,stamina_cost,slots_used,req_int,req_fai,req_arc,image_url
2782,1,Spews flame breath of Agheel from above,"Superior incantation of Dragon Communion.
Channels the power of the flying dragon Agheel.

Transforms caster into a dragon to spew flaming breath from above.
Charging extends duration. This incantation can be used while jumping.

The dead gazed at the skies over the lakes of Limgrave, praying that the dragons' flames would burn them to ash.",36,6,60,1,0,23,15,https://eldenring.fanapis.com/images/incantations/17f690dc5ael0hynrxf3lq1w3xcjpr.png
2783,1,Stabs with red lightning spear from above,"A secret incantation of the capital's ancient dragon cult.

Creates a spear of red lightning and stabs it into the ground from above. On impact, the spear will burst into trails of lightning covering the area.

Spoken of in legend, red lightning is the weapon wielded by the ancient dragons.",25,,29,1,0,32,0,https://eldenring.fanapis.com/images/incantations/17f6911d8c2l0hyns4qd7p9pfucu26.png
2784,1,Summons red lightning that spreads from impact,"A secret incantation of the capital's ancient dragon cult.

Summons a red bolt of lightning that scatters and spreads around the surrounding area.
Charging enhances the range of the lightning bolt.

Spoken of in legend, red lightning is the weapon wielded by the ancient dragons.",36,,31,1,0,26,0,https://eldenring.fanapis.com/images/incantations/17f696c7ce7l0hynrwmh6d0r0rwk2.png
2785,1,Creates throat pouch to spew fire while walking,"One of the ancient Erdtree incantations.

Creates a throat pouch on the caster's neck, allowing them to spew fiery breath while walking.
Charging increases duration of the breath.

This is a manifestation of the Erdtree's primal vital energies—an aspect of the primordial crucible, where all life was once blended together.",28,4,40,1,0,27,0,https://eldenring.fanapis.com/images/incantations/17f693c22edl0hynsdj8fz0ddz4vni.png
2786,1,Creates shoulder horn to gore foes from low stance,"One of the ancient Erdtree incantations.

Creates a mighty horn on the caster's shoulder to gore foes from a low stance.
Charging allows the caster to barrel into foes before delivering the final attack.

This is a manifestation of the Erdtree's primal vital energies—an aspect of the primordial crucible, where all life was once blended together.",18,,38,1,0,27,0,https://eldenring.fanapis.com/images/incantations/17f695ad891l0hynrxcposdnx7gy9h.png
2787,1,Creates supple tail to sweep area before caster,"One of the ancient Erdtree incantations.

Creates a supple tail that sweeps through foes before the caster.
Charging enhances potency.

This is a manifestation of the Erdtree's primal vital energies—an aspect of the primordial crucible, where all life was once blended together.",20,,32,1,0,27,0,https://eldenring.fanapis.com/images/incantations/17f693bd4f8l0hynrzaixs0xzre1q.png
2788,1,"Silences footsteps, reduces fall damage/sound","Incantation of the Two Fingers' servants, who once served as the assassins of the Roundtable Hold.

Completely silences the footsteps of the caster. Additionally, reduces fall damage and the sound produced by falling.
This incantation can be cast while in motion or crouching.

The assassins were charged with eliminating Tarnished who had strayed from guidance.",15,,13,1,0,10,0,
2789,1,Greatly increases magic damage negation for self & allies,"One of the incantations of Erdtree Worship.

Greatly increases magic damage negation for the caster and nearby allies.
Hold to continue praying and delay activation.

This incantation was used by the champions of the Erdtree in the First and Second Liurnian Wars, during which the red-haired Radagon joined the heroes' ranks.",30,,13,1,0,24,0,https://eldenring.fanapis.com/images/incantations/17f698483c9l0hyns2v5nt60a29sd.png
2790,1,Creates beast claws that tear through the land,"Incantation taught by Gurranq, the Beast Clergyman.

Creates beast claws that rend the land with shockwaves.
Charging enhances potency.

This incantation represents the fury of Gurranq, his bestial nature returned, as much as it does his restless agitation.",10,,27,1,0,8,0,https://eldenring.fanapis.com/images/incantations/17f690418f4l0hyns68vsg9zhbc6w.png
2791,1,Alleviates blood loss and frost buildup,"Incantation taught by Gurranq, the Beast Clergyman.

Fills the body with bestial vigor, alleviating buildup of frost and blood loss.

Having gained intelligence, the beasts must have felt how their wildness slipped away as civilization took hold.",10,,10,1,0,9,0,https://eldenring.fanapis.com/images/incantations/17f69691e79l0hyntbidbq75lrrjb7.png
2792,1,Swiftly flings numerous sharp rock shards,"Incantation taught by Gurranq, the Beast Clergyman.

Swiftly flings a number of sharp rock shards.
This incantation can be cast without delay after performing another action.

It is said that in the time before the Erdtree, stones were the first weapons of the beasts who had gained intelligence.",7,,19,1,0,10,0,https://eldenring.fanapis.com/images/incantations/17f68f98778l0hynteevtb4hr6x90d.png
2793,1,Heals HP over a period of time,"Incantation taught by Gurranq, the Beast Clergyman.

Fills the body with bestial vigor, restoring HP over a period of time.

Having gained intelligence, the beasts must have felt how their wildness slipped away as civilization took hold.",18,,10,1,0,12,0,https://eldenring.fanapis.com/images/incantations/17f6955e547l0hyntv29oe95w4kpxj.png
2794,1,Black blade spinning slash that emits wave of light,"Power gleaned from the remembrance of Maliketh.

Caster creates an illusory black blade, then leaps forward to deliver a spinning slash that emits a wave of light.
This can be followed up with one additional attack.

This blade was once imbued with Destined Death. In addition to dealing damage, it reduces foes' maximum HP and continues to sap their current HP for a very short time.",26,,44,2,0,46,0,https://eldenring.fanapis.com/images/incantations/17f69160ac9l0hynthagycs7dr7gq7.png
2795,1,Throws a ball of raging black fire,"A black flame incantation of the Godskin Apostles.

Throws a ball of raging black fire.
Charging enhances potency and causes the fireball to explode.

Black flame is weighty. After dealing damage it continues to sap foes' HP for a very short time.",18,,25,1,0,20,0,https://eldenring.fanapis.com/images/incantations/17f6982c810l0hyntn0pvua05sv3w.png
2796,1,Enchants right-hand armament with black flame,"A black flame incantation of the Godskin Apostles.

Engulfs armament held in the right hand with black flame.
This incantation can be cast without delay after performing another action.

Black flame is weighty. After dealing damage it continues to sap foes' HP for a very short time.",15,,10,1,0,17,0,https://eldenring.fanapis.com/images/incantations/17f692ee649l0hyntu1vu7cu8wxah.png
2797,1,Summons circle of black flame pillars around caster,"Superior black flame incantation of the Godskin Apostles.

Summons a circle of black flame pillars around the caster.
Charging increases the size of the circle.

The Gloam-Eyed Queen led the apostles. It is said that she was an Empyrean chosen by the Fingers.",30,,39,1,0,42,0,https://eldenring.fanapis.com/images/incantations/17f69860befl0hyntmsoo0kq76fsvd.png
2798,1,Increases physical damage negation,"A black flame incantation of the Godskin Apostles.

Summons black fire within, increasing physical damage negation. However, sacred flasks and other such forms of HP restoration are impaired.

The Apostles were all embraced by the Gloam-Eyed Queen, and the black flame was their armor within.",30,,13,1,0,30,0,https://eldenring.fanapis.com/images/incantations/17f694f1c32l0hynu33qh2e3un2g1.png
2799,1,Grants greater blessing to self and nearby allies,"One of the ancient Erdtree incantations.

Grants a greater blessing to the caster and nearby allies, gradually restoring a large amount of HP.
Hold to continue praying and delay activation.

The Erdtree once flourished with abundance—yet it was only for a fleeting moment. Such is the course of all life.",60,,50,1,0,38,0,https://eldenring.fanapis.com/images/incantations/17f690ba6e1l0hynuyuvb7sle1w35.png
2800,1,Grants blessing to self and nearby allies,"One of the ancient Erdtree incantations.

Grants a blessing to the caster and nearby allies, gradually restoring HP.
Hold to continue praying and delay activation.

Blessings once fell like tears from the Erdtree, and this incantation is but a lingering remnant of their power.",30,,30,1,0,24,0,https://eldenring.fanapis.com/images/incantations/17f69801f77l0hynudtg36sba9k5lr.png
2801,1,Scatters bloodflame before caster to set area aflame,"Sacred incantation of Mohg, Lord of Blood.

Thrust arm into the body of the Formless Mother, then scatter the bloodflame to set the area ablaze.
This incantation can be cast while in motion.

The mother of truth craves wounds. When Mohg stood before her, deep underground, his accursed blood erupted with fire, and he was besotted with the defilement that he was born into.",13,,34,1,0,14,17,https://eldenring.fanapis.com/images/incantations/17f68fd9537l0hynv7q0d210i53bym9.png
2802,1,Enchants right-hand armament with bloodflame,"A Blood Oath incantation, granted by the Lord of Blood.

Engulfs armament held in the right hand with bloodflame.
This incantation can be cast while in motion.

After dealing damage, bloodflame continues to build up onset of blood loss for a very short time.",20,,10,1,0,12,10,https://eldenring.fanapis.com/images/incantations/17f697aaf25l0hynv3bmpsnp4lpnd.png
2803,1,Creates bloodflame lacerations that then explode,"A Blood Oath incantation, granted by the Lord of Blood.

Creates bloodflame lacerations before the caster, which explode in an instant.
This incantation can be cast repeatedly.

After dealing damage, bloodflame continues to build up onset of blood loss for a very short time.",12,,21,1,0,13,15,https://eldenring.fanapis.com/images/incantations/17f6973c98fl0hynv5gnjf09yvy8y.png
2804,1,Spews icy breath of Borealis from above,"Superior incantation of Dragon Communion.
Channels the power of Borealis, the Freezing Fog.

Transforms caster into a dragon to spew icy breath from above.
Charging extends duration. This incantation can be cast while jumping.

The ice dragons were once lords of the mountaintops long ago, until they were defeated by the Fire Giants and chased from the peak.",48,6,60,1,0,23,15,https://eldenring.fanapis.com/images/incantations/17f695324del0hynv9a91iu7h3knff.png
2805,1,Raises a series of flame pillars around caster,"One of the incantations that draws directly from the power of the Fire Giants.

Raises a series of flame pillars around the caster.
Charging further increases the number of flame pillars.

The Fire Giants borrowed from the power of a fell god, and still they were defeated. Yet their failure released them from their solitary curse: to serve as keepers of the Flame for eternity.",26,,36,1,0,27,0,https://eldenring.fanapis.com/images/incantations/17f696d3fddl0hynve32uy42tb6pip.png
2806,1,Momentarily sparks flame from hand,"Incantation originating from a sinister prophecy.

Momentarily sparks flame from the caster's hand.
This incantation can be cast without delay after performing another action.

The flame of ruin is anathema to the Erdtree. But prophets sometimes glimpse it within the faith all the same. Sadly when this occurs their sole reward is banishment.",10,,17,1,0,8,0,
2807,1,Alleviates poison buildup and cures poison,"Incantation of the Two Fingers' faithful.

Alleviates poison buildup and cures poison.
This incantation can be cast while in motion.

The Two Fingers has high hopes for the Tarnished; that even if they should be wounded, even should they fall, they will continue to fight for their duty.",7,,10,1,0,10,0,https://eldenring.fanapis.com/images/incantations/17f694bc935l0hynvcwx4oahz00k48.png
2808,1,Creates area of darkness that conceals caster,"Incantation of the Two Fingers' servants, who once served as the assassins of the Roundtable Hold.

Creates a veil of darkness that conceals the caster.
This incantation can be cast while in motion or crouching.

The assassins were themselves once Tarnished who had strayed from guidance, and they pursued their duty in the darkness that is without grace.",24,,24,1,0,18,0,https://eldenring.fanapis.com/images/incantations/17f690b63a9l0hynvpzqrouoa3uwo.png
2809,1,Strikes surroundings with storm of death lightning,"Incantation that channels the power of the ancient dragon Fortissax, now corrupted by Death.

Strikes surroundings with a storm of Death lightning.
Inflicts Death blight upon foes.
Charging extends duration of the storm.

It said that this golden lightning was wielded by Godwyn, who befriended Fortissax.",28,,32,2,0,47,0,https://eldenring.fanapis.com/images/incantations/17f6907b527l0hynw9qj9bgu0iu0x.png
2810,1,Fires ring of light before the caster,"One of the incantations of the Golden Order fundamentalists.

Produces a ring of light and fires it forwards. The ring of light returns to a position close to the caster before disappearing.
This incantation can be cast repeatedly.

A gift from the young Miquella to his father, Radagon.",3,,20,1,13,13,0,https://eldenring.fanapis.com/images/incantations/17f69836ab4l0hynwcix7z37ngspv.png
2811,1,Increases holy damage negation,"Incantation of the Two Fingers' faithful.

Increases holy damage negation.
This incantation can be cast while in motion.

Follow the path that has been set for you, and you will make enemies of all others: the monks, the sorcerers, the ancient dragon knights, and the scions of gold. Heed me—the Lands Between offers no welcome to the Tarnished.",20,,13,1,0,10,0,https://eldenring.fanapis.com/images/incantations/17f695c512fl0hynwmn3k7xy8866e.png
2812,1,Bolsters caster's body with lightning,"Superior incantation of the capital's ancient dragon cult.

Summons lightning to bolster the caster's body. Attacks become easier to deflect and resistance to all ailments is increased. However, lightning damage negation will be reduced.

Only those loved by dragons can survive the ordeal of cladding their bodies in lightning.",20,,20,1,0,21,0,https://eldenring.fanapis.com/images/incantations/17f69850e86l0hynws5vlzzny9q7y.png
2813,1,Channels dragon to rend foes with dragon claws,"One of the incantations of Dragon Communion.

Transforms caster into a dragon to tear through foes with dragon claws.
Allows one follow-up attack.

Incantation of those who have hunted dragons and feasted upon their hearts. Theirs is a pure and overwhelming power.",24,,35,1,0,17,13,https://eldenring.fanapis.com/images/incantations/17f695ee05cl0hynwvuh9iqspb3fmk.png
2814,1,Channels dragon to spew flame breath,"One of the incantations of Dragon Communion.

Transforms caster into a dragon to spew flaming breath.
Charging extends duration.

Incantation of those who have hunted dragons and feasted upon their hearts. Theirs is a pure and overwhelming power.",28,4,40,1,0,15,12,https://eldenring.fanapis.com/images/incantations/17f6919abe5l0hynwx7opzx5u5zvs.png
2815,1,Channels dragon to spew icy breath,"One of the incantations of Dragon Communion.

Transforms caster into a dragon to spew icy breath.
Charging extends duration.

Those extraordinary individuals who perpetuate Dragon Communion are called the dragon-hearted.",36,4,48,1,0,15,12,https://eldenring.fanapis.com/images/incantations/17f695ddd2cl0hynwt4kcvu1t0jpbh.png
2816,1,Channels dragon to bite foes before caster,"One of the incantations of Dragon Communion.

Transforms caster into a dragon to bite enemies before them.

Incantation of those who have hunted dragons and feasted upon their hearts. Theirs is a pure and overwhelming power.",34,,50,1,0,24,16,https://eldenring.fanapis.com/images/incantations/17f68f9d130l0hynx3f1brjxtzdk9j.png
2817,1,Spews scarlet rot breath of Ekzykes from above,"Superior incantation of Dragon Communion.
Channels the power of Ekzykes, the Decaying.

Transforms caster into a dragon to spew scarlet rot breath from above.
Charging extends duration. This incantation can be cast while jumping.

Ekzykes, Dragon Communion Revenger, did not forget his hatred even as he succumbed to the scarlet rot.",48,6,60,1,0,23,15,https://eldenring.fanapis.com/images/incantations/17f693fa72dl0hynxecsuhc2twylv.png
2818,1,Creates a stream of golden shooting stars that assail the area,"This legendary incantation is the most ancient of those that derive from the Erdtree.

Creates a stream of golden shooting stars that assail the area.

It is said that long ago, the Greater Will sent a golden star bearing a beast into the Lands Between, which would later become the Elden Ring.",41,,48,2,0,50,0,https://eldenring.fanapis.com/images/incantations/17f69225db6l0hynyujjw6qxgtrbk.png
2819,1,Enchants right-hand armament with lightning damage,"One of the incantations of the capital's ancient dragon cult.

Enchants armament held in the right hand with lightning-affinity attacks.

Long ago, Godwyn the Golden defeated the ancient dragon Fortissax, and befriended his fallen foe—an event that gave rise to the ancient dragon cult in the capital.",27,,10,1,0,15,0,https://eldenring.fanapis.com/images/incantations/17f691a5912l0hynyooe4izs5zxh3t.png
2820,1,Vastly heals HP for self and nearby allies,"One of the ancient Erdtree incantations.

Heals a vast amount of HP for the caster and nearby allies.
Hold to continue praying and delay activation.

The Erdtree once flourished with abundance—yet it was only for a fleeting moment. Such is the course of all life.",65,,50,1,0,42,0,https://eldenring.fanapis.com/images/incantations/17f698775c6l0hynyj6kv53b13zexj.png
2821,1,Sets area and self ablaze with raging flames,"Incantation originating from a deeply ominous prophecy.

Sets both the caster and the surrounding area ablaze with raging flames. The caster's body will remain engulfed in flame for a while, burning them and any who draw near. Charging enhances potency.

The prophet despaired, looking up at the Erdtree, for soon the kindling would burst into flame, bringing ruin.

""The burning of the Erdtree is the first cardinal sin. That is not the domain of mere men.""",26,,28,1,0,19,0,https://eldenring.fanapis.com/images/incantations/17f694fc4c1l0hynyj2kcaruicejdh.png
2822,1,Increases fire damage negation,"Incantation of the Two Fingers' faithful.

Increases fire damage negation.
This incantation can be cast while in motion.

Follow the path that has been set for you, and you will make enemies of all others: the monks, the sorcerers, the ancient dragon knights, and the scions of gold. Heed me—the Lands Between offers no welcome to the Tarnished.",20,,13,1,0,10,0,https://eldenring.fanapis.com/images/incantations/17f6985c468l0hynypycnlfmwjdzds.png
2823,1,Summons raging fireball that explodes and sets the area ablaze,"This legendary incantation is one of several that draws directly from the power of the Fire Giants.

Releases a ball of raging fire said to be inhabited by a fell god. The fireball floats toward enemies and explodes, setting the area ablaze.

Arghanthy, the chief guardian of the Flame, had kept this incantation a well-kept secret until it was stolen by Adan. The fell god still lurks within the Fire Giants.",34,,42,2,0,41,0,https://eldenring.fanapis.com/images/incantations/17f6964ed65l0hynyrzn67dmtv89e.png
2824,1,Throws ball of raging fire,"Incantation originating from a sinister prophecy.

Throws a ball of raging fire.
Charging enhances potency and causes the ball of fire to explode.

The flame of ruin is anathema to the Erdtree. But prophets sometimes glimpse it within the faith all the same. Sadly when this occurs their sole reward is banishment.",11,,22,1,0,10,0,
2825,1,Alleviates buildup & cures poison and scarlet rot,"One of the incantations of the Fire Monks.

Creates a fire within that burns away toxins.
Alleviates poison and scarlet rot buildup and cures these ailments.

This incantation leaves the caster with subtle burns—a reminder that they must fear the flame.",14,,10,1,0,12,0,
2826,1,Hurls several balls of fire at once,"One of the incantations that draws directly from the power of the Fire Giants.

Hurls several balls of fire at once.
Charging enhances potency and causes the balls of fire to explode.

There is no record of this incantation in common prayerbooks. Only a select few prelates know of its existence.",16,,10,1,0,28,0,https://eldenring.fanapis.com/images/incantations/17f6908edd1l0hynyjh9vrt6fwxg9g.png
2827,1,Raises physical and fire-affinity attack power,"Superior incantation of the Fire Monks.

Creates an invigorating fire within that enhances physical and fire-affinity attack power.

This incantation does not burn the caster, and so it is considered forbidden by the guardians of the Flame.",28,,16,1,0,15,0,
2828,1,Greatly increases fire damage negation,"The most ancient of the Fire Monks' incantations.

Creates a fire within that greatly increases fire damage negation.

It is said that this incantation was used during the War against the Giants long ago, during which it protected the champions of the Erdtree.",30,,20,1,0,24,0,https://eldenring.fanapis.com/images/incantations/17f692f5b38l0hynzsnci8jsfgasx6.png
2829,1,Stabs from above with two red lightning spears in tandem,"Incantation that channels the power of the ancient dragon Fortissax.

Creates two spears of red lightning and stabs them into the ground from above, one after another. On impact, each spear will burst into trails of lightning covering the area.

During the War of the Ancient Dragons, these twin red lightning stakes were the hallmark of one ancient dragon who was called the mightiest boulderstone.",35,,42,1,0,46,0,https://eldenring.fanapis.com/images/incantations/17f693ad486l0hynztvo8jus81t2uf.png
2830,1,Emits concentrated blast of yellow flame of frenzy from eyes,"Incantation originating from the maddening Three Fingers.

Releases concentrated blasts of the yellow flame of frenzy from the caster's eyes.
Charging enhances potency, enabling the blasts to penetrate the enemy's guard.

In times past, every single person who attempted to control the flame of frenzy succumbed to madness after a desperate internal struggle. This incantation is testament to a meager victory.",24,,33,1,0,22,0,https://eldenring.fanapis.com/images/incantations/17f690e9092l0hyo03nyw25bgiu4hs.png
2831,1,Stabs with ice lightning spear from above,"Incantation that channels the power of the Dragonkin Soldiers.

Creates a spear of ice lightning and stabs it into the ground from above. On impact, the spear will burst into trails of lightning advancing forwards.

The Dragonkin were born in the Eternal City, where they knew no true sky, nor true lightning. Instead, ice lightning was their weapon.",29,,39,1,0,34,0,https://eldenring.fanapis.com/images/incantations/17f6939dc0dl0hyo003ig3i03oy5eh.png
2832,1,Hurls massive ball of raging fire,"One of the incantations that draws directly from the power of the Fire Giants.

Hurls a massive ball of raging fire.
Charging enhances potency and causes the ball of fire to explode.

There is no record of this incantation in common prayerbooks. Only a select few prelates know of its existence.",30,,34,2,0,30,0,https://eldenring.fanapis.com/images/incantations/17f695e7bcdl0hyo059aa6ajju2es.png
2833,1,Channels dragon to spew magic breath,"One of the incantations of Dragon Communion.

Transforms caster into a dragon to spew magic breath.
Charging extends duration.

Those extraordinary individuals who perpetuate Dragon Communion are called the dragon-hearted.",28,4,40,1,0,15,12,https://eldenring.fanapis.com/images/incantations/17f695939cbl0hyo0116aw3hbaoca.png
2834,1,Greatly increases lightning resistance for self and allies,"An incantation of Erdtree Worship.

Greatly increases lightning damage negation for the caster and nearby allies.
Hold to continue praying, delaying the effect.

This incantation was used by the knights of the Erdtree during the assault by the great ancient dragon Gransax, and the bitter War of the Ancient Dragons that followed.",30,,20,1,0,24,0,https://eldenring.fanapis.com/images/incantations/17f68ff32f6l0hyo035frl5ld6347k.png
2835,1,Increases attack and defense for self and allies,"An incantation of Erdtree Worship.

Increases attack power and defense for the caster and nearby allies.
Hold to continue praying and delay activation.

This incantation has been taught to knights of the royal capital for generations, and knights sent on distant expeditions lean on it as a source of courage.",47,,50,1,0,25,0,https://eldenring.fanapis.com/images/incantations/17f69510ee3l0hyo0f0mccaj31dwhq.png
2836,1,Greatly heals HP for self and nearby allies,"Superior incantation of the Two Fingers' faithful.

Greatly heals HP for the caster and nearby allies.
Hold to continue praying and delay activation.

The Two Fingers has high hopes for the Tarnished; that even if they should be wounded, even should they fall, they will continue to fight for their duty.",45,,40,1,0,15,0,https://eldenring.fanapis.com/images/incantations/17f6926bc7dl0hyo1ku9wh0qz4eyh6.png
2837,1,Emits the roar of Elder Dragon Greyoll,"Superior incantation of Dragon Communion.
Channels the power of Greyoll, the Elder Dragon.
An incantation of legendary status.

Transforms caster into a dragon to emit a terrible roar, reducing the attack power and defense of nearby enemies.

Greyoll was the mother of all dragons, dwarfing all who stood before her like a looming mountain.",50,,72,2,0,28,17,https://eldenring.fanapis.com/images/incantations/17f693e76abl0hyo1mzypokk5gvlz.png
2838,1,Creates beast claws to rend surroundings with shockwaves,"Superior incantation taught by Gurranq, the Beast Clergyman.

Creates beast claws that rend surroundings with shockwaves.

Long ago, Gurranq was a beast of such terrifying ferocity that his former name meant ""Death of the Demigods.""",21,,42,1,0,15,0,https://eldenring.fanapis.com/images/incantations/17f69535c25l0hyo1gmmkqtdazls9.png
2839,1,Heals HP for self and nearby allies,"Incantation of the Two Fingers' faithful.

Heals HP for the caster and nearby allies.
Hold to continue praying and delay activation.

The Two Fingers has high hopes for the Tarnished; that even if they should be wounded, even should they fall, they will continue to fight for their duty.",32,,35,1,0,12,0,https://eldenring.fanapis.com/images/incantations/17f692dbdc9l0hyo1jah0ket283h6d.png
2840,1,Strikes foe with lightning bolt from above,"One of the incantations of the capital's ancient dragon cult.

Summons a bolt of lightning to strike foes from above.
This incantation can be cast repeatedly.

Long ago, Godwyn the Golden defeated the ancient dragon Fortissax, and befriended his fallen foe—an event that gave rise to the ancient dragon cult in the capital.",12,,29,1,0,24,0,https://eldenring.fanapis.com/images/incantations/17f6904f3b2l0hyo1u5sqdw9zxr0g.png
2841,1,"Shrieks, building up madness in nearby foes","Incantation originating from the maddening Three Fingers.

Releases a maddening shriek that causes madness buildup in foes nearby.
This incantation also causes madness buildup in the caster and makes enemies more likely to target them.

It is said that the sickness of the flame of frenzy began with Shabriri, the most reviled man in all history.",21,,38,1,0,33,0,https://eldenring.fanapis.com/images/incantations/17f69430705l0hyo1jpd17zxxmmdyl.png
2842,1,Increases left-hand shield's affinity/ailment resistance,"One of the incantations of the Golden Order fundamentalists.

Enchants shield held in the left hand with the light of regression, increasing all forms of non-physical damage negation and ailment resistance.

Two concepts form the basis for Golden Order fundamentalism. One is the law of regression, to which this incantation relates.",15,,10,1,19,19,0,https://eldenring.fanapis.com/images/incantations/17f69822dd3l0hyo1hzk48p9uymlan.png
2843,1,Latches onto foes to spread madness,"Incantation originating from the maddening Three Fingers.

Causes the yellow flame of frenzy to blaze from the caster's eyes. The caster then latches onto foes, spreading the madness.
This incantation also causes buildup of madness in the caster, and is only effective against Tarnished.

To gaze into one another's eyes is truly the most intimate form of human contact.",32,,31,1,0,21,0,https://eldenring.fanapis.com/images/incantations/17f68fa0c30l0hyo1qasgyir08s9kb.png
2844,1,Sweeps from above with red lightning glaive,"Incantation that channels the power of the ancient dragon Lansseax.

Creates a red-lightning glaive and sweeps the area from above. This attack unleashes trails of lightning.

Lansseax was the sister of Fortissax. It is said that she took the form of a human to commune with the knights as a priestess of the ancient dragon cult.",22,,45,1,0,40,0,https://eldenring.fanapis.com/images/incantations/17f69773db5l0hyo3532itzerrsdj.png
2845,1,Retaliates upon receiving a number of blows,"One of the incantations of the Golden Order fundamentalists.
One of the key fundamentals.

Manifests a small ring of causality within that allows the caster to automatically retaliate upon receiving a certain number of blows.

The fundamentalists describe the Golden Order through the powers of regression and causality. Causality is the pull between meanings; that which links all things in a chain of relation.",22,,20,1,29,0,0,https://eldenring.fanapis.com/images/incantations/17f6933b1fdl0hyo3bz9d9loqhf9qh.png
2846,1,Heals all ailments and dispels all special effects,"Incantation of the Golden Order fundamentalists.
One of the key fundamentals.

Heals all negative statuses, dispels special effects, and reveals mimicry in all its forms.

The fundamentalists describe the Golden Order through the powers of regression and causality. Regression is the pull of meaning; that all things yearn eternally to converge.",55,,50,1,37,0,0,https://eldenring.fanapis.com/images/incantations/17f693addcel0hyo3dh93zpcxbralt.png
2847,1,Increases lightning damage negation,"Incantation of the Two Fingers' faithful.

Increases lightning damage negation.
This incantation can be cast while in motion.

Follow the path that has been set for you, and you will make enemies of all others: the monks, the sorcerers, the ancient dragon knights, and the scions of gold. Heed me—the Lands Between offers no welcome to the Tarnished.",20,,13,1,0,10,0,https://eldenring.fanapis.com/images/incantations/17f696de88al0hyo39vlr771is6fv.png
2848,1,Hurls lightning spear before caster,"One of the incantations of the capital's ancient dragon cult.

Summons a lightning spear and hurls it before the caster.
Charging causes a lightning bolt to strike the point of impact.

Long ago, Godwyn the Golden defeated the ancient dragon Fortissax, and befriended his fallen foe—an event that gave rise to the ancient dragon cult in the capital.",18,,28,1,0,17,0,https://eldenring.fanapis.com/images/incantations/17f6908485dl0hyo3bkdtot70uk3p4.png
2849,1,Summons lightning bolt that spreads from impact,"One of the incantations of the capital's ancient dragon cult.

Summons a bolt of lightning that scatters and spreads around the surrounding area.
This incantation can be cast repeatedly.

Ancestors of the modern dragons, the ancient dragons had scales of Gravel Stone and wielded lightning as their weapon. It is said that once they attacked Leyndell, the Royal Capital.",19,,32,1,0,28,0,https://eldenring.fanapis.com/images/incantations/17f69522233l0hyo3e7aqun8itt9a.png
2850,1,Creates image of Order to deal holy damage,"One of the incantations of the Golden Order fundamentalists.
Used by hunters of Those Who Live in Death.

Creates an image of Order, dealing holy damage to nearby foes. This incantation is especially damaging to Those Who Live in Death. Any felled by this incantation cannot be revived.

The role of the hunters is to stamp out defiled reason—all for the perfection of the Golden Order.",17,,28,1,17,17,0,https://eldenring.fanapis.com/images/incantations/17f6908f509l0hyo3cd6br7iexs0ys.png
2851,1,Alleviates poison/blood loss/sleep buildup for self/allies,"Incantation bestowed by the Two Fingers upon the Tarnished deemed worthy of becoming a lord.

Alleviates buildup of poison, blood loss, and sleep for the caster and nearby allies. Additionally, cures poison.

Hold to continue praying and delay activation.",12,,10,1,0,12,0,https://eldenring.fanapis.com/images/incantations/17f69602ae3l0hyo3a6ruzolnobp3o.png
2852,1,Greatly increases holy damage negation incl. allies,"Incantation taught to Gideon the All-Knowing by the Two Fingers.

Greatly increases holy damage negation for the caster and nearby allies.
Hold to continue praying and delay activation.

Gideon gained true knowledge after his long exchange with the Two Fingers—discovering all had been broken long ago; that the trembling fingers, bent with age, and the Erdtree itself, were no exception.",30,,20,1,0,27,0,https://eldenring.fanapis.com/images/incantations/17f6988869dl0hyo4qsblr2lchs3q7.png
2853,1,Massively heals HP for self and nearby allies,"Incantation bestowed by the Two Fingers upon the Tarnished deemed worthy of becoming a lord.

Heals a massive amount of HP for the caster and nearby allies.
Hold to continue praying and delay activation.

Tarnished—O, Tarnished! Seek the Erdtree and stand before Marika, its Queen. Become the Elden Lord!",55,,45,1,0,20,0,https://eldenring.fanapis.com/images/incantations/17f69634f78l0hyo4s4zggpkf72qsp.png
2854,1,Increases magic damage negation,"Incantation of the Two Fingers' faithful.

Increases magic damage negation.
This incantation can be cast while in motion.

Follow the path that has been set for you, and you will make enemies of all others: the monks, the sorcerers, the ancient dragon knights, and the scions of gold. Heed me—the Lands Between offers no welcome to the Tarnished.",20,,13,1,0,10,0,https://eldenring.fanapis.com/images/incantations/17f69295d83l0hyo4wyff4k2r6tkno.png
2855,1,Channels wyrm to spew magma breath,"One of the incantations of Dragon Communion.

Transforms caster into a wyrm to spew magma breath.
Allows one follow-up attack.

Those who have performed the Dragon Communion will find their humanity slowly slipping away. Once they fully succumb to their fate, they are left no more than wyrms that crawl the earth.",30,,40,1,0,14,10,https://eldenring.fanapis.com/images/incantations/17f6917092dl0hyo511p1ard3b4xwm.png
2856,1,Thrust out belly with gusto to unleash repelling shockwave,"Ancient power of the Godskin Nobles.

Thrust out belly with gusto to produce a shockwave that knocks back nearby foes.
Charging enhances potency, knocking enemies into the air.

Once a sign of the gods' wrath, this incantation became a trophy of the Nobles' god hunt.",20,,28,1,0,26,0,https://eldenring.fanapis.com/images/incantations/17f6962911el0hyo4s02nf0ie24nvc.png
2857,1,Momentarily sparks roaring flame from hand,"Incantation of the Fire Monks.

Momentarily sparks roaring flame from the caster's hand.
Charging enhances potency.

The Giants' Flame still smolders upon the distant northern mountaintop, and the Fire Monks are its guardians.",16,,24,1,0,16,0,https://eldenring.fanapis.com/images/incantations/17f6946750bl0hyo4yckgppsbgjyai.png
2858,1,Alleviates death blight buildup,"One of the incantations of the Golden Order fundamentalists.
Used by hunters of Those Who Live in Death.

Alleviates death blight buildup.

The noble Goldmask lamented what had become of the hunters. How easy it is for learning and learnedness to be reduced to the ravings of fanatics; all the good and the great wanted, in their foolishness, was an absolute evil to contend with.

Does such a notion exist in the fundamentals of Order?",15,,10,1,11,11,0,https://eldenring.fanapis.com/images/incantations/17f68fdec40l0hyo4sbk8kjcr4p6lp.png
2859,1,Enchants right-hand armament with holy damage,"One of the incantations of the Golden Order fundamentalists.
Used by hunters of Those Who Live in Death.

Enchants armament held in the right hand with holy-affinity attacks. This incantation is especially damaging to Those Who Live in Death. Any felled by this incantation cannot be revived.

The role of the hunters is to stamp out defiled reason—all for the perfection of the Golden Order.",22,,10,1,13,13,0,https://eldenring.fanapis.com/images/incantations/17f692fa4d2l0hyo4uc4mjru3qoaee.png
2860,1,Launches countless sticky threads before caster,"Incantation of the servants of rot.

Secretes countless sticky threads, launching them forwards.

A technique of the pale pests who crawl through the lands afflicted by scarlet rot; the abandoned children of the goddess.
""Do you have an interest in rot incantations?""",19,,29,1,0,11,0,https://eldenring.fanapis.com/images/incantations/17f6971f6b6l0hyo69cly6crooe39.png
2861,1,Spews golden breath of Dragonlord Placidusax,"Power gleaned from the remembrance of Dragonlord Placidusax.

Transforms caster into the Dragonlord to spew golden breath from above.
This incantation can be cast while jumping.

These are the dying wails of the Dragonlord who once dwelled eternally beyond time.",62,,75,3,0,36,0,https://eldenring.fanapis.com/images/incantations/17f6958b760l0hyo6c41h81a4ao9ihh.png
2862,1,Enchants right-hand armament with poison,"Incantation of the servants of rot.

Enchants armament held in the right hand with poison.
This incantation can be cast while in motion.

Those who dwell within poison know rot all too well. The death that begets life, that comes to all equally. That is to say: it is the cycle of rebirth put into practice.",15,,10,1,0,10,0,https://eldenring.fanapis.com/images/incantations/17f6922607fl0hyo6c1nfqul6hljpg.png
2863,1,Releases poison mist before caster,"Incantation of the servants of rot.

Releases a poisonous mist before the caster.
This incantation can be cast while in motion.

Those who dwell within poison know rot all too well. The death that begets life, that comes to all equally. That is to say: it is the cycle of rebirth put into practice.",18,,10,1,0,12,0,https://eldenring.fanapis.com/images/incantations/17f695abe1dl0hyo6ddrxsg47tz9j9.png
2864,1,Increases affinity damage negation for self & allies,"A superior incantation of Erdtree Worship.

Increase damage negation for all affinities except physical, for both the caster and nearby allies.
Hold to continue praying and delay activation.

In the beginning, everything was in opposition to the Erdtree. But through countless victories in war, it became the embodiment of Order.",30,,50,1,0,35,0,
2865,1,Creates golden ring of light to attack wide area,"One of the incantations of the Golden Order fundamentalists.
A gift of gratitude to the young Miquella from his father, Radagon.

Produces a golden ring of light and fires it across a wide area.
Charging enhances range.

And yet, the young Miquella abandoned fundamentalism, for it could do nothing to treat Malenia's accursed rot. This was the beginning of unalloyed gold.",21,,37,1,31,31,0,https://eldenring.fanapis.com/images/incantations/17f69215aafl0hyo6fnokhkxl7dq4p.png
2866,1,Produces a shockwave that pushes away foes,"Incantation of the Two Fingers' faithful.

Produces a shockwave that knocks back nearby foes.
Charging increases the size of the shockwave.

Hark, Tarnished! If you truly walk in faith, you must be prepared to reject all else.",9,,24,1,0,12,0,https://eldenring.fanapis.com/images/incantations/17f695dd7d9l0hyo6nbzipolrbtuxg.png
2867,1,Channels dragon to spew scarlet rot breath,"One of the incantations of Dragon Communion.

Transforms caster into a dragon to spew scarlet rot breath.
Charging extends duration.

Those extraordinary individuals who perpetuate Dragon Communion are called the dragon-hearted.",36,4,48,1,0,15,12,https://eldenring.fanapis.com/images/incantations/17f6968b28dl0hyo6loaay43jahfcp.png
2868,1,Creates giant flower that explodes with scarlet rot,"Technique of Malenia, the Goddess of Rot.

Creates a gigantic flower that blooms into an explosion of scarlet rot.

Each time the scarlet flower blooms, Malenia's rot advances. It has bloomed twice already. With the third bloom, she will become a true goddess.",48,,50,3,0,35,0,https://eldenring.fanapis.com/images/incantations/17f6904109al0hyo84mydzpc5usap9.png
2869,1,Sweeps area before caster with black flame,"A black flame incantation of the Godskin Apostles.

Sweeps a wide area before the caster with black flame.
Charging enhances range.

The black flame could once slay gods. But when Maliketh sealed Destined Death, the true power of the black flame was lost.",21,,29,1,0,28,0,https://eldenring.fanapis.com/images/incantations/17f692422c4l0hyo84mlas2e4zch5.png
2870,1,Creates shadow that lures the aggression of foes of human build,"Incantation of the Two Fingers' servants, who once served as the assassins of the Roundtable Hold.

Creates a pale gold shadow before the caster, luring foes of human build and attracting their aggression.
This incantation can be cast while in motion or crouching, and will still affect foes that are already in a combat state.

It is said that those beguiled by the shadow see within it a hated foe.",15,,14,1,0,13,0,https://eldenring.fanapis.com/images/incantations/17f691c3d89l0hyo81xcmf8pooodpu.png
2871,1,Spews magic breath of Glintstone Dragon Smarag from above,"Superior incantation of Dragon Communion.
Channels the power of Smarag, the Glintstone Dragon.

Transforms caster into a dragon to spew magic breath from above.
Charging extends duration. This incantation can be cast while jumping.

Smarag was a devourer of sorcerers, and over time, his body became corrupted by their glintstones.",36,6,60,1,0,23,15,https://eldenring.fanapis.com/images/incantations/17f694d5050l0hyo7rhkcg4j0qaii.png
2872,1,Hurls a boulder before the caster,"Superior incantation taught by Gurranq, the Beast Clergyman.

Hurls a boulder before the caster.
This incantation can be cast repeatedly.

Long ago, Gurranq was a beast of such terrifying ferocity that his former name meant ""Death of the Demigods.""",15,,37,1,0,13,0,https://eldenring.fanapis.com/images/incantations/17f69771088l0hyo7tmllgof77289o.png
2873,1,Incinerates area before caster with stream of fire,"Superior incantation of the Fire Monks.

Creates a stream of fire to burn the area before the caster.
This incantation can be cast while in motion. Hold to maintain the effect.

The Giants' Flame is the flame of ruin, capable of burning the Erdtree. And so, following the War against the Giants, its ruinous blaze was sealed, and guardians were appointed to watch over it.",1,1,2,1,0,9,0,https://eldenring.fanapis.com/images/incantations/17f692aa326l0hyo81f3t0bbkonkwh.png
2874,1,Releases a swarm of bloodflies before caster,"A Blood Oath incantation, shared from the Lord of Blood's power.

Releases a swarm of bloodflies before the caster to assault foes. The vile swarm deals damage and builds up onset of blood loss.
This incantation can be cast while in motion.

The new palace of the Lord of Blood lies in a swamp of festering blood, and these flies are said to spawn from excrement in that land.",14,,24,1,0,11,16,https://eldenring.fanapis.com/images/incantations/17f6925361el0hyo84va1dajld4erh.png
2875,1,Emits burst of yellow flame of frenzy from eyes,"Incantation originating from the maddening Three Fingers.

Causes the yellow flame of frenzy to burst forth from the caster's eyes.
Charging increases the range of the burst.

The flame of frenzy deals damage and causes buildup of madness. This incantation also causes buildup of madness in the caster, and is only effective against Tarnished.",16,,30,1,0,16,0,https://eldenring.fanapis.com/images/incantations/17f69632226l0hyo91iqbjmg4xbw1.png
2876,1,Spews magma breath of Theodorix from above,"Superior incantation of Dragon Communion.
Channels the power of the great wyrm Theodorix.

Transforms caster into a great wyrm to spew a large volume of magma breath.
Allows one follow-up attack.

The name of the ancient troll warrior Theodorix lives on—as a hero of the War against the Giants.",45,,60,1,0,21,14,https://eldenring.fanapis.com/images/incantations/17f69603e55l0hyo92oip6kr38j99r.png
2877,1,Fires three rings of light before the caster,"One of the incantations of the Golden Order fundamentalists.

Produces three rings of light and fires them forwards. The rings of light return to a position close to the caster before disappearing.
This incantation can be cast repeatedly.

A gift from the young Miquella to his father, Radagon.",23,,28,1,23,23,0,https://eldenring.fanapis.com/images/incantations/17f6912a13el0hyo9e5e3yb9u659qs.png
2878,1,Emits violent burst of yellow flame of frenzy from eyes,"Incantation originating from the maddening Three Fingers.

Causes the yellow flame of frenzy to violently burst forth from the caster's eyes.
Hold to continue channeling the flame. This incantation can be used while in motion.

It is the maddening pain and unstoppable tears of those afflicted with the flame of frenzy brought into being.",22,6,40,1,0,31,0,https://eldenring.fanapis.com/images/incantations/17f692da48al0hyo9dril53k44haam.png
2879,1,Heals a small amount of HP,"Incantation of the Two Fingers' faithful.

Heals a small amount of HP.
This incantation can be cast while in motion.

The Two Fingers has high hopes for the Tarnished; that even if they should be wounded, even should they fall, they will continue to fight for their duty.",16,,30,1,0,8,0,https://eldenring.fanapis.com/images/incantations/17f698ccf55l0hyo9juunjo3lodn1n.png
2880,1,Bolsters right-hand armament & body with red lightning,"Incantation of Vyke, knight of the Roundtable Hold.

Summons red lightning to bolster both the caster's body and their armament held in the right hand. Enchants armament with lightning-affinity attacks and increases maximum equipment load. However, lightning damage negation will be reduced.

Of all the knights, Vyke the Dragonspear was the one Lansseax loved the most.",35,,20,1,0,23,0,https://eldenring.fanapis.com/images/incantations/17f694ba1f5l0hyo9j21xk3iv8ws5v.png
2881,1,Sweeps area before caster with stream of fire,"Superior incantation of the Fire Monks.

Creates a spiraling stream of fire that burns the area before the caster.
Charging enhances potency and reach.

Fire beguiles those who gaze into it. And so the guardians of the Flame are also its worshippers.",19,,26,1,0,13,0,https://eldenring.fanapis.com/images/incantations/17f690c2762l0hyo9glzbxuxlwc2dh.png
2882,1,Produces golden shockwave that knocks back foes,"Superior Erdtree Worship incantation.

Produces a golden shockwave that knocks back nearby foes.
Charging increases the size of the shockwave.

This incantation was discovered when the Elden Ring was shattered, and it was feared as a sign of the Erdtree's wrath.",40,,44,1,0,32,0,https://eldenring.fanapis.com/images/incantations/17f693ca95el0hyo9lhohewhkatfd.png
2883,2,Sweeping slash followed by cold blade projectile,"Sorcery of Adula, the Glintstone Dragon.

Conjures a cold magic greatsword, then delivers a sweeping blow that launches a blade-like projectile of frost.
This sorcery can be cast repeatedly.

Adula, a devourer of sorcerers, was bested by Ranni and subsequently swore a knightly oath to her Dark Moon.",22,,22,1,32,0,0,https://eldenring.fanapis.com/images/sorceries/17f69501669l0hykrly1hkzqhsjkgf.png
2884,2,Strikes from behind with projectile fired from distance,"One of the night sorceries of Sellia, Town of Sorcery.

Launches a projectile from a distance removed from the caster, so as to strike the enemy from behind.
This sorcery can be cast repeatedly.

The Sellian sorcerers were assassins, and it is said that they often hunted their fellows.",13,,15,1,23,0,0,https://eldenring.fanapis.com/images/sorceries/17f69548207l0hykrjxtjpw45plt0o.png
2885,2,Summons horde of vengeful spirits that chase down foes,"Sorcery of the servants of Death.

Summons a horde of vengeful spirits that chase down foes. Charging enhances potency.

They are cinders of the ancient death hex, raked from the fires of ghostflame by Deathbirds.",21,,27,1,34,24,0,https://eldenring.fanapis.com/images/sorceries/17f697cbb96l0hykre66weonnfh81y.png
2886,2,Wounds caster to unleash trail of bloodthorns,"An aberrant sorcery discovered by exiled criminals.
Theirs are the sorceries most reviled by the academy.

Wounds the caster with thorns of punishment, sending a trail of bloodthorns running over the ground to impale enemies from below.
This sorcery can be cast repeatedly.

The guilty, their eyes gouged by thorns, lived in eternal darkness. There, they discovered the blood star.",9,,22,1,0,21,0,https://eldenring.fanapis.com/images/sorceries/17f69323f35l0hykrc6d1g3vajyc0n.png
2887,2,Summons thorns from a whorl of own blood,"An aberrant sorcery discovered by exiled criminals.
Theirs are the sorceries most reviled by the academy.

Wounds the caster with thorns of sin, creating a spiral of bloodthorns.
This sorcery can be cast repeatedly, up to three times.

The guilty, their eyes gouged by thorns, lived in eternal darkness. There, they discovered the blood star.",6,,26,1,0,24,0,https://eldenring.fanapis.com/images/sorceries/17f694c4b51l0hykrh5ekspavmcdh.png
2888,2,Lobs an explosive magic projectile in an arc,"One of the glintstone sorceries of the Academy of Raya Lucaria.

Lobs an explosive magic projectile that flies in an arc.
Charging enhances potency.

Drawn from the conspectus of Haima, the adjudicator of the academy, this sorcery employs might as a means to quell conflict.",38,,42,1,25,0,0,https://eldenring.fanapis.com/images/sorceries/17f697763ffl0hykrjb9eqis858fj9.png
2889,2,Performs sweeping slash using magical greatsword,"One of the sorceries of the Carian royal family.

Conjures a magic greatsword and then delivers a sweeping blow.
This sorcery can be cast repeatedly.

Armed with this spell, sorcerers gain the strength of knights, their loyalty sworn to the moon.",12,,22,1,24,0,0,https://eldenring.fanapis.com/images/sorceries/17f698158cbl0hykro1lrfmqwblslj.png
2890,2,Forms a defensive arch of numerous magic glintblades,"One of the sorceries of the Carian royal family.

Creates a defensive arch of numerous magic glintblades overhead, which automatically attack nearby foes.
This sorcery can be used cast while in motion.

An enhanced version of the glintblade sorcery used by enchanted knights.",24,,16,1,34,0,0,https://eldenring.fanapis.com/images/sorceries/17f69526092l0hykrkfqubdcrri5ri.png
2891,2,Impales foes with magical greatsword,"One of the sorceries of the Carian royal family.

Conjures a magic greatsword to impale foes.
Charging lengthens the initial step in.

This sorcery forms a counterpart to Carian Greatsword.
Highly lethal when used against single foes riding alone.",17,,25,1,27,0,0,https://eldenring.fanapis.com/images/sorceries/17f68f67eeal0hyksqja69pmxoh3yh.png
2892,2,Dispels enemy spells and retaliates with glintblades,"One of the sorceries of the Carian royal family.

Swing your staff to dispel incoming sorceries and incantations, using their power to retaliate with glintblades.

This was the Carian royal family's secret means to prepare against the disloyalty of the academy. The moon and stars would one day go their separate ways.",8,,15,1,17,0,0,https://eldenring.fanapis.com/images/sorceries/17f691dc847l0hyksqn4eqkjcj7jls.png
2893,2,Performs swift sweeping slash using magical sword,"One of the sorceries of the Carian royal family.

Conjures a magic sword and delivers a swift sweeping slash. 
This sorcery can be used without delay after performing another action.

Even among the Carian sword sorceries, this is a notably effective technique.",4,,12,1,14,0,0,https://eldenring.fanapis.com/images/sorceries/17f69526839l0hykt29wlkzjaekmfp.png
2894,2,Pulls foes toward caster with gravity projectile volley,"One of the glintstone sorceries that manipulates gravitational forces.

Fires numerous gravitational projectiles. Any foes struck will be pulled toward the caster.
Charging enhances potency.

A gravitational technique mastered by the young Radahn.
""I thank you for your tutelage, for now I can challenge the stars.""",18,,27,1,36,0,0,https://eldenring.fanapis.com/images/sorceries/17f6935c00al0hykt61d5dex7ibki.png
2895,2,Fires a great magic comet,"One of the glintstone sorceries of the Academy of Raya Lucaria.

Fires a great magical comet.
This sorcery can be cast repeatedly and while in motion. Charging enhances potency.

The greatest of the Karolos Conspectus's sorceries, that only a very few sorcerers have ever mastered.",24,,31,1,52,0,0,https://eldenring.fanapis.com/images/sorceries/17f69173b9bl0hyktcuppfyv71lx3.png
2896,2,Fires a tremendous comet within a starry torrent,"Legendary sorcery devised by Azur, primeval sorcerer.

Fires a tremendous comet in a torrent akin to the distant starry expanse, the place said to be the origin of glintstone.
Hold to continue releasing the sorcery's power.

When Azur glimpsed into the primeval current, he saw darkness. He was left both bewitched and fearful of the abyss.",40,10,34,3,60,0,0,https://eldenring.fanapis.com/images/sorceries/17f69383db4l0hykt8reipbquz8e6t.png
2897,2,Fires a volley of glintstone crystal shards,"One of the glintstone sorceries of the Academy of Raya Lucaria.

Fires a volley of glintstone crystal shards.
Charging increases potency.

A sorcery of the Crystal Cadre, a group of sorcerers who pursue the wisdom of stone—the secrets locked in the faint cogitation of the Crystalians.",14,2,26,1,23,0,0,https://eldenring.fanapis.com/images/sorceries/17f697a3cebl0hykt5z1wd5xboo99x.png
2898,2,Fires a burst of glintstone crystal shards,"One of the glintstone sorceries of the Academy of Raya Lucaria.

Fires a burst of glintstone crystal shards.
This sorcery can be cast repeatedly and while in motion. Charging increases potency.

A sorcery of the Crystal Cadre, a group of sorcerers who pursued the wisdom of stone—the secrets locked in the faint cogitation of the Crystalians.",14,,9,1,18,0,0,https://eldenring.fanapis.com/images/sorceries/17f69246033l0hykt9k2ifr73lab5s.png
2899,2,Scours area with violent rain of crystal shards,"Sorcery of the mysterious Crystalians.

Creates a mass of crystal, then shatters it to scour a wide area with a violent rain of crystal shards.

This sorcery is used by high-ranking adepts among the Crystalians. Some also call this sorcery ""the Crystal Sun.""",34,,26,1,41,0,0,https://eldenring.fanapis.com/images/sorceries/17f69346f84l0hykudkkqg6v1lwpk.png
2900,2,Creates crystal mass that fires stream of crystal shards,"Sorcery of the mysterious Crystalians.

Creates a mass of crystal, then fires off shards in rapid succession.
Hold to continue firing shards.

The wrath of the Crystalians encapsulated in sorcery. Each shard is of substantial size, making even a stray blow capable of inflicting a severe wound.",20,5,30,1,47,0,0,https://eldenring.fanapis.com/images/sorceries/17f68f97095l0hykuc91iv4akp5w4i.png
2901,2,Creates dark space that draws in spells,"Forbidden sorcery of Sellia, Town of Sorcery.

Creates a space of darkness that draws in sorceries and incantations.
This sorcery can be cast while in motion.

Originally a lost sorcery of the Eternal City; the despair that brought about its ruin made manifest.",25,,15,1,35,0,0,https://eldenring.fanapis.com/images/sorceries/17f696b6eael0hykuqvnuxlujdx0r9.png
2902,2,Causes ghostflame explosion that burns wide area,"Sorcery of the servants of Death.

Strike the ground with the staff, triggering an explosion of ghostflame that burns the surrounding area.

In the time when there was no Erdtree, death was burned in ghostflame. Deathbirds were the keepers of that fire.",29,,45,1,42,30,0,https://eldenring.fanapis.com/images/sorceries/17f6989bf92l0hykv0ugfsrr1nuyy6.png
2903,2,Releases a mist of death before caster,"Sorcery of Fia, the Deathbed Companion.

Creates a deathly mist before the caster, which inflicts Death blight upon those who enter.
This sorcery can be cast while in motion. Charging enhances range of the mist.

This sorcery was developed to oppose the Roundtable Hold, and is effective only against the Tarnished.",25,,13,1,23,18,0,https://eldenring.fanapis.com/images/sorceries/17f69402fafl0hykuks706v0mkdjbd.png
2904,2,Releases a downpour of star rain for a while,"The eldest primeval sorcery, said to have been discovered by an ancient astrologer. A sorcery of legendary status.

Summons a dark cloud of stars overhead. Shortly after, the cloud will release a violent deluge of star rain. This sorcery can be cast while in motion. Charging increases potency.

Thought to be the founding glintstone sorcery. The glimpse of the primeval current that the astrologer saw became real, and the stars' amber rained down on this land.",27,,31,2,52,0,0,https://eldenring.fanapis.com/images/sorceries/17f69206fd7l0hykuyci822nhe618p.png
2905,2,Releases cold mist before caster,"Sorcery said to have been used by the old snow witch.

Releases a cold mist before the caster.
This sorcery can be cast while in motion. Charging enhances range of the mist.

The snowy crone taught the young Ranni to fear the dark moon as she imparted her cold sorcery.",20,,13,1,21,0,0,https://eldenring.fanapis.com/images/sorceries/17f698eaeabl0hykv0y1tsef3d740n.png
2906,2,Enchants right-hand armament with frost,"Sorcery said to have been used by the old snow witch.

Enchants armament held in the right hand with frost.
This sorcery can be cast while in motion.

The snowy crone taught the young Ranni to fear the dark moon as she imparted her cold sorcery.",20,,10,1,15,0,0,https://eldenring.fanapis.com/images/sorceries/17f698816aal0hykuwweto12afmr3.png
2907,2,Attacks using a magic greathammer,"One of the glintstone sorceries of the Academy of Raya Lucaria.

Creates a magical greathammer and slams it down.
Allows one follow-up attack.

Drawn from the scholarly conspectus of Haima, the adjudicator of the academy, this sorcery employs might as a means to quell conflict.",22,,38,1,25,0,0,https://eldenring.fanapis.com/images/sorceries/17f697a11c6l0hykw8gs7a4bj2bzi.png
2908,2,Covers area with surge of magma from the earth,"One of the sorceries developed from the magma of Mt. Gelmir.

Conjures a surge of magma from the earth, covering the area.
Charging extends the surge of magma.

This sorcery is held to represent the fury of the volcano, but the arrogance of attempting to harness it is solely that of men and serpents.",16,3,38,1,28,15,0,https://eldenring.fanapis.com/images/sorceries/17f6970b6del0hykw6jbvxlnultl.png
2909,2,Forms a defensive arch of magic glintblades,"One of the sorceries of the Carian royal family.

Creates a defensive arch of magic glintblades overhead, which automatically attack nearby foes.
This sorcery can be cast while in motion.

Bestowed upon the enchanted Carian knights, who combined this art with their swordsmanship to maintain pressure upon their foes, striking in waves of steel and sorcery.",18,,12,1,22,0,0,https://eldenring.fanapis.com/images/sorceries/17f694aa956l0hykwnt8t2s7k2ohg8.png
2910,2,Fires a horizontally-widening magic arc,"One of the glintstone sorceries of the Academy of Raya Lucaria.

Fires a horizontal arc of magic that spreads outward.
This sorcery can be cast repeatedly and while in motion.

Granted to sorcerers who depart from the academy to embark on journeys, in order to fend off large groups of would-be adversaries. Fools often roam in packs.",9,,18,1,13,0,0,https://eldenring.fanapis.com/images/sorceries/17f6923b831l0hykweqyar0a2aerzn.png
2911,2,Fires a magic comet with a trailing tail,"One of the glintstone sorceries of the Academy of Raya Lucaria.

Fires a magical comet with a trailing tail.
This sorcery can be cast repeatedly and while in motion. Charging enhances potency.

A sorcery of the Karolos Conspectus, the most venerable of the academy.",17,,28,1,36,0,0,https://eldenring.fanapis.com/images/sorceries/17f6933356el0hykwkb5c4f5eue05g.png
2912,2,Fires mass of cold magic from glintstone,"Sorcery said to have been used by the old snow witch.

The glintstone serves as a conduit, launching a mass of cold magic.
This sorcery can be cast repeatedly and while in motion.

The snowy crone taught the young Ranni to fear the dark moon as she imparted her cold sorcery.",12,,26,1,15,0,0,https://eldenring.fanapis.com/images/sorceries/17f6964e156l0hykwlsm0jw2254jkf.png
2913,2,Fires magic projectiles from glintstone,"The most basic glintstone sorcery of the Academy of Raya Lucaria.

The glintstone serves as a conduit, launching magical projectiles at foes.
This sorcery can be cast repeatedly and while in motion.

This is a universal first step on the journey to true knowledge of sorcery.",7,,20,1,10,0,0,https://eldenring.fanapis.com/images/sorceries/17f692eb5c4l0hykwkentckpz3y24a.png
2914,2,Fires three shooting stars that pursue foes,"One of the glintstone sorceries of the Academy of Raya Lucaria.

Fires three magic shooting stars that pursue the target.
This sorcery can be cast while in motion. Charging enhances potency.

A sorcery of the Olivinus Conspectus, which attracts sorcerers from Sellia, Town of Sorcery.",12,,21,1,12,0,0,https://eldenring.fanapis.com/images/sorceries/17f6944ddfel0hykwkrvbsv9aa4yv.png
2915,2,Pulls foes toward caster with gravity projectile,"One of the glintstone sorceries that manipulates gravitational forces.

Fires a projectile of condensed gravitational force. Those struck by it will be pulled toward the caster.
Charging enhances potency.

A gravitational technique studied by the young Radahn. His master was an Alabaster Lord with skin of stone.",12,,20,1,17,0,0,https://eldenring.fanapis.com/images/sorceries/17f68fa1c72l0hykxlbrlhvbrbbyqn.png
2916,2,Fires larger magic projectiles from glintstone,"One of the glintstone sorceries of the Academy of Raya Lucaria.

The glintstone serves as a conduit, launching large magical projectiles at foes.
This sorcery can be cast repeatedly and while in motion.

Those unworthy of the stone crown typically end their brief journey into sorcery here.",12,,26,1,16,0,0,https://eldenring.fanapis.com/images/sorceries/17f696ff8b3l0hyky03xbsyxdc6ybe.png
2917,2,Launches a large magic bubble,"Sorcery of the claymen who served as priests in the ancient dynasty.

Produces a gigantic magical bubble that drifts towards foes before it naturally ruptures.
Charging increases the delay before the bubble pops.

The claymen search for lost oracles within their bubbles.",16,,27,1,25,0,18,https://eldenring.fanapis.com/images/sorceries/17f695ccb66l0hykyaen5y0w0khkll.png
2918,2,Forms a defensive arch of larger magic glintblades,"One of the sorceries of the Carian royal family.

Creates a defensive arch of larger magic glintblades overhead, which automatically attack nearby foes.

Used by the enchanted troll knights.
They were the comrades of the young Rennala, bound by oath.",30,,20,1,29,0,0,https://eldenring.fanapis.com/images/sorceries/17f69580940l0hyky9z5ebz67i2kvd.png
2919,2,Fires great arrow from a magic greatbow,"Sorcery used by Royal Knight Loretta.

Creates a magic greatbow and fires a great arrow.
Charging enhances potency. Hold to keep the great arrow nocked.

It is said that the bow was Loretta's favored weapon.",24,,30,1,26,0,0,https://eldenring.fanapis.com/images/sorceries/17f6921c90fl0hykycr9xzxlra3r57.png
2920,2,Fires four great arrows from magic greatbow at once,"Sorcery used by Loretta, Knight of the Haligtree.

Creates a magic greatbow and fires four great arrows simultaneously.
Charging enhances potency. Hold to keep the great arrows nocked.

Developed by Loretta after her long, bloody journey to seek out a place where the Albinaurics could live in peace.",39,,33,1,46,0,0,https://eldenring.fanapis.com/images/sorceries/17f696d8893l0hykyj6qhbawvh09t.png
2921,2,Alleviates buildup of sleep and madness,"One of the sorceries of the Carian royal family.

Alleviates buildup of sleep and madness.
This sorcery can be cast while in motion.

The Carian knights never waver.",10,,10,1,17,0,0,https://eldenring.fanapis.com/images/sorceries/17f6916d3a1l0hyky82ck5l071k7zt.png
2922,2,Summon a magic mass that sprays projectiles over area,"One of the sorceries of the Carian royal family.

Summons a mass of magic that fires projectiles over a wide area.
This sorcery can be cast while in motion. Charging extends duration.

Said to have been taught by the Crystalians to mark the swearing of the old concord.",18,,17,1,15,0,0,https://eldenring.fanapis.com/images/sorceries/17f69330670l0hykywaqrpmwdbzpyj.png
2923,2,Creates sigil that forms a projectile glintblade after delay,"An old sorcery of the Carian royal family.

Creates a sigil overhead, from which an enemy-seeking glintblade appears after a brief delay.
This sorcery can be used while in motion. Charging increases the delay.

Said to be the prototype of the sword-phalanx sorceries wielded by royal enchanted knights.",12,,22,1,14,0,0,https://eldenring.fanapis.com/images/sorceries/17f69818087l0hykz26ox2vtdp84yq.png
2924,2,Fires lump of magma that explodes on contact,"One of the sorceries developed from the magma of Mt. Gelmir.

Fires a lump of magma that explodes on contact.
Charging enhances potency.

After discovering the ancient hexes of Gelmir, Rykard, son of Queen Rennala, brought them back into practical use as new forms of sorcery.",16,,21,1,19,10,0,https://eldenring.fanapis.com/images/sorceries/17f6985da4cl0hykzwl2ly1lk18kxg.png
2925,2,Calls small meteorites down from the sky,"One of the glintstone sorceries that manipulates gravitational forces.

Summons a void that emits a rain of small meteorites.
Hold to continue the effect.

This sorcery originates from the Onyx Lords, who had skin of stone, and were called lords in reverential fear of their destructive power.",30,10,35,1,30,0,0,https://eldenring.fanapis.com/images/sorceries/17f6979d7f4l0hyl01q26suhho4xsd.png
2926,2,Calls a hail of small meteorites from the void,"One of the glintstone sorceries that manipulates gravitational forces.

Summons a void that emits a hail of meteorites.
Hold to continue the effect.

A manifestation of the power with which Astel leveled the Eternal City.",60,12,40,2,55,0,0,https://eldenring.fanapis.com/images/sorceries/17f68fe64del0hyl068olsfxrrts7.png
2927,2,Fires semi-invisible magic comet,"One of the night sorceries of Sellia, Town of Sorcery.

Fires a semi-invisible magic comet.
This sorcery can be cast repeatedly and while in motion. Charging enhances potency.

The Sellian sorcerers were assassins, and it is said that they often hunted their fellows.",21,,30,1,38,0,0,https://eldenring.fanapis.com/images/sorceries/17f69763b5dl0hyl03j39aq843i4li.png
2928,2,Releases life-sapping silver mist before caster,"One of the night sorceries of Sellia, Town of Sorcery.

Releases a life-sapping silver mist before the caster, dealing damage to all caught within, including the caster.
This sorcery can be cast while in motion.

Below Sellia, the Eternal City of Nokron sleeps. This sorcery originates from the maidens of that place.",20,,20,1,14,0,0,https://eldenring.fanapis.com/images/sorceries/17f690350b7l0hyl0i9t31pb2ahyzj.png
2929,2,Swiftly fires semi-invisible magic projectile,"One of the night sorceries of Sellia, Town of Sorcery.

Swiftly fires a semi-invisible projectile.
This sorcery can be used without delay after performing another action.

The Sellian sorcerers were assassins, and it is said that they often hunted their fellows.",7,,9,1,18,0,0,https://eldenring.fanapis.com/images/sorceries/17f69717eddl0hyl0exs9l0a0sdw6s.png
2930,2,Launches several small magic bubbles,"Sorcery of the claymen who served as priests in the ancient dynasty.

Produces several small magical bubbles that drift towards foes before they naturally pop.
Charging increases the delay before the bubbles pop.

The claymen search for lost oracles within their bubbles.",12,,18,1,19,0,15,https://eldenring.fanapis.com/images/sorceries/17f698db556l0hyl0jjihm0vl3xdwh.png
2931,2,Summons vengeful spirits that chase down foes,"Sorcery of the servants of Death.

Summons vengeful spirits that chase down foes.
Charging enhances potency.

Once thought lost, this ancient death hex was rediscovered by the necromancer Garris.",12,,21,1,16,14,0,https://eldenring.fanapis.com/images/sorceries/17f69062ddbl0hyl0j0sh5cueid15m.png
2932,2,"Incarnate a cold, dark moon and launch it at foes","Legendary sorcery symbolic of the Carian queen.

Uses the caster as a vessel to incarnate a cold, dark moon, then sends it floating toward foes. The dark moon dispels all sorcery that touches it, and temporarily reduces magic damage negation for those it strikes.

This moon was encountered by a young Ranni, led by the hand of her mother, Rennala. What she beheld was cold, dark, and veiled in occult mystery.",57,,32,2,68,0,0,https://eldenring.fanapis.com/images/sorceries/17f6933fcffl0hyl1h3yit07w1s9ta.png
2933,2,Incarnate a full moon and launch it at foes,"Sorcery symbolic of the Carian queen.

Uses the caster as a vessel to incarnate a full moon, then sends it floating toward foes. The full moon dispels all sorcery that touches it, and temporarily reduces magic damage negation for those it strikes.

Queen Rennala encountered this enchanting moon when she was young, and later, it would bewitch the academy.",47,,32,2,70,0,0,https://eldenring.fanapis.com/images/sorceries/17f696ded8bl0hyl1chm38nbkimwj9.png
2934,2,Thrust staff into ground to emit a massive shockwave,"One of the glintstone sorceries of the Academy of Raya Lucaria.

Imbues the ferrule of the caster's staff with magic, then thrusts it into the ground to create a massive magical shockwave.

Hold to continue moving without striking the ground, and then push the end of the staff into enemies.

An enhanced version of the glintstone miners' Stonedigger sorcery.",22,5,35,1,21,0,0,https://eldenring.fanapis.com/images/sorceries/17f6960508el0hyl1nhkrxurxy1oqd.png
2935,2,Summons rocks from the earth and sends it flying,"One of the glintstone sorceries that manipulates gravitational forces.

Pulls a clump of rocks from the earth and sends them flying.
This sorcery can be cast while in motion.

A gravitational technique studied by the young Radahn. His master was an Alabaster Lord with skin of stone.",18,,29,1,18,0,0,https://eldenring.fanapis.com/images/sorceries/17f697513fdl0hyl1yp7y0bcj3si6i.png
2936,2,Fires lump of magma that explodes after delay,"One of the sorceries developed from the magma of Mt. Gelmir.

Fires a lump of condensed magma that explodes a short delay after hitting the target.
Charging enhances potency and further delays the explosion.

After discovering the ancient hexes of Gelmir, Rykard, son of Queen Rennala, brought them back into practical use as new forms of sorcery.",28,,27,1,21,12,0,https://eldenring.fanapis.com/images/sorceries/17f695b8eb1l0hyl1wwn8bq4hod2yh.png
2937,2,Releases searing spirits that repeatedly explode after delay,"The terrible power of Rykard, Lord of Blasphemy.

Summons searing spirits that leave a trail of delayed explosions in their wake.

These spirits manifest from the rancor of heroes who met a violent end. The lord granted them an audience, whereupon they were welcomed by the maw of the great serpent—and within the serpent's bowels, they became the lord's kin.",23,,36,2,40,18,0,https://eldenring.fanapis.com/images/sorceries/17f6956b602l0hyl1xzxdrjbidynzq.png
2938,2,Enchants right-hand armament with magic damage,"One of the glintstone sorceries of the Academy of Raya Lucaria.

Enchants armament held in the right hand with magic-affinity attacks.
This sorcery can be cast while in motion.

Taught to the Knights of the Cuckoo by the academy as payment for their contract.",25,,10,1,12,0,0,https://eldenring.fanapis.com/images/sorceries/17f694eec4fl0hyl27r5xh06ckw1so.png
2939,2,Enhances left-hand shield damage negation,"One of the glintstone sorceries of the Academy of Raya Lucaria.

Enchants shield held in the left hand with additional damage negation.
This sorcery can be cast while in motion.

Taught to the Knights of the Cuckoo by the academy as payment for their contract.",30,,10,1,12,0,0,https://eldenring.fanapis.com/images/sorceries/17f69379d7el0hyl27xfguetq35bni.png
2940,2,Fires twin spiraling projectiles,"One of the glintstone sorceries of the Academy of Raya Lucaria.

Fires twin projectiles that form a spiral as they travel. This sorcery can be cast repeatedly and while in motion.
Charging enhances potency.

A sorcery of the Karolos Conspectus, the most venerable of the academy. This was the product of a failed attempt to create a new comet.",14,,28,1,27,0,0,https://eldenring.fanapis.com/images/sorceries/17f69233f99l0hyl32ixqa8cf501y.png
2941,2,Thrust staff into ground to emit a shockwave,"One of the glintstone sorceries of the Academy of Raya Lucaria.

Imbues the ferrule of the caster's staff with magic, then thrusts it into the ground to create a magical shockwave.
Allows one follow-up attack.

A Stonedigger sorcery used by the glintstone miners of the crystal tunnel. At the academy, use of this sorcery was a stigma that marked out failed scholars.",10,,22,1,15,0,0,https://eldenring.fanapis.com/images/sorceries/17f69240fcdl0hyl38ber0x0u7bv3d.png
2942,2,Creates crystal mass that shatters in forward burst,"Sorcery of the mysterious Crystalians.

Creates a mass of crystal, then shatters it in a forward burst.
Charging enhances potency.

The Crystalians are inorganic beings, yet they live. They cleave close to the ideals of the primeval current, and as such, they are revered guests of the sorcerers.",21,,30,1,38,0,0,https://eldenring.fanapis.com/images/sorceries/17f696ec037l0hyl3ngvf00twpbcg.png
2943,2,Fires six shooting stars that pursue foes,"One of the glintstone sorceries of the Academy of Raya Lucaria.

Fires six magic shooting stars that pursue the target.
This sorcery can be cast while in motion. Charging enhances potency.

The most difficult to master of the Olivinus Conspectus sorceries.",23,,26,1,24,0,0,https://eldenring.fanapis.com/images/sorceries/17f693402e5l0hyl3gzhtqb01yjf3k.png
2944,2,Creates star light to illuminate surroundings,"One of the glintstone sorceries of the Academy of Raya Lucaria.

Creates a small, floating star light that illuminates surroundings.
This sorcery can be cast while in motion.

Granted to sorcerers who depart from the academy to embark on journeys. Even during the blackest nights, sojourns underground, or imprisonment in gaol, the stars are never far from a sorcerer's side.",9,,5,1,15,0,0,https://eldenring.fanapis.com/images/sorceries/17f6902b989l0hyl3f6iorcnaeypi.png
2945,2,Fires twelve dark shooting stars that pursue foes,"Legendary sorcery devised by Lusat, primeval sorcerer.

Fires twelve dark shooting stars that pursue the target.
This sorcery can be cast while in motion. Charging increases potency.

When Lusat glimpsed into the primeval current, he beheld the final moments of a great star cluster, and upon seeing it, he too was broken.",32,,29,1,43,0,0,https://eldenring.fanapis.com/images/sorceries/17f6974051al0hyl3kcvhpy2j6smf.png
2946,2,Swiftly fires magic projectiles from glintstone,"One of the glintstone sorceries of the Academy of Raya Lucaria.

The glintstone serves as a conduit, launching swift magical projectiles at foes.
This sorcery can be used without delay after performing another action.

Those unworthy of the stone crown typically end their brief journey into sorcery here.",5,,9,1,12,0,0,https://eldenring.fanapis.com/images/sorceries/17f69183747l0hyl3o1tnkgev3q3qs.png
2947,2,Raises the magic strength of those within the sigil,"One of the glintstone sorceries of the Academy of Raya Lucaria.

Draws an academy sigil upon the ground, raising the magic strength of those within.

Once, the sigil would be cast from the highest belfry of the academy, covering the entire institution's grounds. This spell allows such vivid experience of spell-casting success, it turns many a fledgling into a true sorcerer in a flash of newfound understanding.",20,,12,1,20,0,0,https://eldenring.fanapis.com/images/sorceries/17f694f65f4l0hyl3qlnj0oepap3pg.png
2948,2,Erect a magic forcefield to deflect spells,"The lifelong pursuit of Thops the Bluntstone.

Creates a magic forcefield that deflects sorceries and incantations.
Hold to continuously create barriers.

Future generations will learn. They will know the foolishness of the sneering sorcerers who ridiculed this theory, little realizing that it was in fact a discovery worthy of a new conspectus of the academy.",7,7,10,1,18,0,0,https://eldenring.fanapis.com/images/sorceries/17f69332a7cl0hyl4q0ahq1rhl510s.png
2949,2,Summons Those Who Live in Death,"Sorcery of the servants of Death.

Summons a group of Those Lost in Death.
Three skeletons will appear some distance from the caster and attack foes before disappearing.

The dead have long been left to wander; what they need is leadership. ",17,,27,1,28,20,0,https://eldenring.fanapis.com/images/sorceries/17f692e03b8l0hyl4rlgts2b9n06wj.png
2950,2,Makes right-hand armament completely invisible,"One of the night sorceries of Sellia, Town of Sorcery.

Enchants armament held in right hand, making it completely invisible.
This sorcery can be cast while in motion.

Used by Sellian assassins to present themselves as unarmed sorcerers.",13,,10,1,12,0,0,https://eldenring.fanapis.com/images/sorceries/17f69321284l0hyl4lnndsfcv2un9k.png
2951,2,Makes the caster semi-invisible,"One of the night sorceries of Sellia, Town of Sorcery.

Makes the caster semi-invisible.
While on horseback, effect extends to cover the mount.
This sorcery can be cast while in motion.

The Sellian assassins considered every option that aided their dirty work.",20,,10,1,16,0,0,https://eldenring.fanapis.com/images/sorceries/17f698ec32bl0hyl4ouriysbeaoqvp.png
2952,2,Thrust staff into ground to create freezing tornado,"Ice sorcery of the Town of Zamor.

Strike the ground with the staff to create a freezing tornado.
Charging enhances potency.

Cloaked in icy tempests, the knights of Zamor have challenged the Fire Giants since ancient times.",17,,27,1,36,0,0,https://eldenring.fanapis.com/images/sorceries/17f693b4e3cl0hyl4rjaph3b2vbtk5.png